{
  "artworkScrapers" : [ "tmdb", "fanarttv", "tvdb" ],
  "trailerScrapers" : [ "tmdb" ],
  "subtitleScrapers" : [ "opensubtitles" ],
  "nfoFilenames" : [ "TV_SHOW" ],
  "posterFilenames" : [ "POSTER" ],
  "fanartFilenames" : [ "FANART" ],
  "bannerFilenames" : [ "BANNER" ],
  "discartFilenames" : [ "DISCART" ],
  "clearartFilenames" : [ "CLEARART" ],
  "thumbFilenames" : [ "THUMB" ],
  "clearlogoFilenames" : [ "CLEARLOGO" ],
  "logoFilenames" : [ "LOGO" ],
  "characterartFilenames" : [ "CHARACTERART" ],
  "keyartFilenames" : [ "KEYART" ],
  "seasonPosterFilenames" : [ "SEASON_POSTER" ],
  "seasonBannerFilenames" : [ "SEASON_BANNER" ],
  "seasonThumbFilenames" : [ "SEASON_THUMB" ],
  "episodeNfoFilenames" : [ "FILENAME" ],
  "episodeThumbFilenames" : [ "FILENAME_THUMB" ],
  "episodeCheckImages" : [ "THUMB" ],
  "seasonCheckImages" : [ "SEASON_POSTER", "SEASON_BANNER", "SEASON_THUMB" ],
  "tvShowCheckImages" : [ "POSTER", "BACKGROUND", "BANNER" ],
  "trailerFilenames" : [ "TVSHOW_TRAILER" ],
  "uiFilters" : [ ],
  "tvShowTableHiddenColumns" : [ "format", "fileSize", "aired" ],
  "tvShowConnector" : "XBMC",
  "certificationStyle" : "LARGE",
  "writeCleanNfo" : false,
  "nfoDateAddedField" : "DATE_ADDED",
  "nfoLanguage" : "en",
  "renameAfterScrape" : false,
  "renamerTvShowFoldername" : "${showTitle} (${showYear})",
  "renamerSeasonFoldername" : "Season ${seasonNr}",
  "renamerFilename" : "${showTitle} - S${seasonNr2}E${episodeNr2} - ${title}",
  "renamerShowPathnameSpaceSubstitution" : false,
  "renamerShowPathnameSpaceReplacement" : "_",
  "renamerSeasonPathnameSpaceSubstitution" : false,
  "renamerSeasonPathnameSpaceReplacement" : "_",
  "renamerFilenameSpaceSubstitution" : false,
  "renamerFilenameSpaceReplacement" : "_",
  "renamerColonReplacement" : "",
  "asciiReplacement" : false,
  "specialSeason" : true,
  "scraper" : "tvdb",
  "scraperLanguage" : "en",
  "certificationCountry" : "US",
  "tvShowScraperMetadataConfig" : [ "TITLE", "ORIGINAL_TITLE", "PLOT", "YEAR", "AIRED", "STATUS", "RATING", "RUNTIME", "CERTIFICATION", "GENRES", "COUNTRY", "STUDIO", "TAGS", "TRAILER", "SEASON_NAMES", "ACTORS", "POSTER", "FANART", "BANNER", "CLEARART", "THUMB", "LOGO", "CLEARLOGO", "DISCART", "KEYART", "CHARACTERART", "EXTRAFANART", "SEASON_POSTER", "SEASON_BANNER", "SEASON_THUMB", "TITLE", "ORIGINAL_TITLE", "PLOT", "YEAR", "AIRED", "STATUS", "RATING", "RUNTIME", "CERTIFICATION", "GENRES", "COUNTRY", "STUDIO", "TAGS", "TRAILER", "SEASON_NAMES", "ACTORS", "POSTER", "FANART", "BANNER", "CLEARART", "THUMB", "LOGO", "CLEARLOGO", "DISCART", "KEYART", "CHARACTERART", "EXTRAFANART", "SEASON_POSTER", "SEASON_BANNER", "SEASON_THUMB" ],
  "episodeScraperMetadataConfig" : [ "TITLE", "ORIGINAL_TITLE", "PLOT", "AIRED_SEASON_EPISODE", "DVD_SEASON_EPISODE", "DISPLAY_SEASON_EPISODE", "AIRED", "RATING", "TAGS", "ACTORS", "PRODUCERS", "DIRECTORS", "WRITERS", "THUMB", "TITLE", "ORIGINAL_TITLE", "PLOT", "AIRED_SEASON_EPISODE", "DVD_SEASON_EPISODE", "DISPLAY_SEASON_EPISODE", "AIRED", "RATING", "TAGS", "ACTORS", "PRODUCERS", "DIRECTORS", "WRITERS", "THUMB" ],
  "imageScraperLanguage" : "zh_CN",
  "imagePosterSize" : "LARGE",
  "imageFanartSize" : "LARGE",
  "scrapeBestImage" : true,
  "writeActorImages" : false,
  "imageExtraFanart" : false,
  "imageExtraFanartCount" : 5,
  "useTrailerPreference" : true,
  "automaticTrailerDownload" : false,
  "trailerQuality" : "HD_720",
  "trailerSource" : "YOUTUBE",
  "subtitleScraperLanguage" : "en",
  "subtitleLanguageStyle" : "ISO3T",
  "buildImageCacheOnImport" : false,
  "syncTrakt" : false,
  "dvdOrder" : false,
  "preferPersonalRating" : true,
  "preferredRating" : "tvdb",
  "extractArtworkFromVsmeta" : false,
  "storeUiFilters" : false,
  "displayMissingEpisodes" : false,
  "displayMissingSpecials" : false,
  "showLogosPanel" : true,
  "configFilename" : "tvShows.json",
  "skipFolder" : [ ],
  "badWord" : [ ],
  "capitalWordsInTitles" : false,
  "tvShowDataSource" : [ "/media/tvs" ]
}