{
  "nfoFilenames" : [ "MOVIE_NFO" ],
  "posterFilenames" : [ "POSTER" ],
  "fanartFilenames" : [ "FANART" ],
  "bannerFilenames" : [ "BANNER" ],
  "clearartFilenames" : [ "CLEARART" ],
  "thumbFilenames" : [ "THUMB" ],
  "clearlogoFilenames" : [ "CLEARLOGO" ],
  "logoFilenames" : [ "LOGO" ],
  "discartFilenames" : [ "DISC" ],
  "keyartFilenames" : [ "KEYART" ],
  "trailerFilenames" : [ "FILENAME_TRAILER" ],
  "checkImagesMovie" : [ "POSTER", "BACKGROUND" ],
  "artworkScrapers" : [ "tmdb", "fanarttv" ],
  "trailerScrapers" : [ "tmdb", "ofdb", "hd-trailers" ],
  "subtitleScrapers" : [ "opensubtitles" ],
  "uiFilters" : [ ],
  "movieTableHiddenColumns" : [ "originalTitle", "sortTitle", "dateAdded", "filename", "path", "movieset", "fileSize", "audio", "video3d", "videoFormat", "votes", "edition", "mediaSource", "certification" ],
  "movieSetUiFilters" : [ ],
  "movieSetTableHiddenColumns" : [ ],
  "buildImageCacheOnImport" : false,
  "movieConnector" : "KODI",
  "certificationStyle" : "LARGE",
  "writeCleanNfo" : true,
  "nfoDateAddedField" : "DATE_ADDED",
  "nfoLanguage" : "zh",
  "createOutline" : true,
  "outlineFirstSentence" : false,
  "renameAfterScrape" : false,
  "renamerPathname" : "${title} ${- ,edition,} (${year})",
  "renamerFilename" : "${title} ${- ,edition,} (${year}) ${videoFormat} ${audioCodec}",
  "renamerPathnameSpaceSubstitution" : false,
  "renamerPathnameSpaceReplacement" : "_",
  "renamerColonReplacement" : "-",
  "renamerNfoCleanup" : false,
  "renamerCreateMoviesetForSingleMovie" : false,
  "asciiReplacement" : false,
  "movieScraper" : "tmdb",
  "scraperLanguage" : "zh_CN",
  "certificationCountry" : "US",
  "scraperThreshold" : 0.75,
  "scraperFallback" : false,
  "scraperMetadataConfig" : [ "TITLE", "ORIGINAL_TITLE", "TAGLINE", "PLOT", "YEAR", "RELEASE_DATE", "RATING", "TOP250", "RUNTIME", "CERTIFICATION", "GENRES", "SPOKEN_LANGUAGES", "COUNTRY", "PRODUCTION_COMPANY", "TAGS", "COLLECTION", "TRAILER", "ACTORS", "PRODUCERS", "DIRECTORS", "WRITERS", "POSTER", "FANART", "BANNER", "CLEARART", "THUMB", "LOGO", "CLEARLOGO", "DISCART", "KEYART", "EXTRAFANART", "EXTRATHUMB", "TITLE", "ORIGINAL_TITLE", "TAGLINE", "PLOT", "YEAR", "RELEASE_DATE", "RATING", "TOP250", "RUNTIME", "CERTIFICATION", "GENRES", "SPOKEN_LANGUAGES", "COUNTRY", "PRODUCTION_COMPANY", "TAGS", "COLLECTION", "TRAILER", "ACTORS", "PRODUCERS", "DIRECTORS", "WRITERS", "POSTER", "FANART", "BANNER", "CLEARART", "THUMB", "LOGO", "CLEARLOGO", "DISCART", "KEYART", "EXTRAFANART", "EXTRATHUMB" ],
  "capitalWordsInTitles" : false,
  "imagePosterSize" : "LARGE",
  "imageFanartSize" : "LARGE",
  "imageExtraThumbs" : false,
  "imageExtraThumbsResize" : true,
  "imageExtraThumbsSize" : 300,
  "imageExtraThumbsCount" : 5,
  "imageExtraFanart" : false,
  "imageExtraFanartCount" : 5,
  "enableMovieSetArtworkMovieFolder" : true,
  "enableMovieSetArtworkFolder" : false,
  "movieSetArtworkFolder" : "MoviesetArtwork",
  "movieSetArtworkFolderStyleKodi" : true,
  "movieSetArtworkFolderStyleAutomator" : false,
  "scrapeBestImage" : true,
  "imageScraperLanguage" : "zh_CN",
  "imageLanguagePriority" : true,
  "writeActorImages" : false,
  "useTrailerPreference" : true,
  "automaticTrailerDownload" : false,
  "trailerQuality" : "HD_720",
  "trailerSource" : "YOUTUBE",
  "subtitleScraperLanguage" : "en",
  "subtitleLanguageStyle" : "ISO3T",
  "subtitleWithoutLanguageTag" : false,
  "runtimeFromMediaInfo" : false,
  "includeExternalAudioStreams" : false,
  "syncTrakt" : false,
  "preferPersonalRating" : true,
  "preferredRating" : "imdb",
  "extractArtworkFromVsmeta" : false,
  "storeUiFilters" : false,
  "showLogosPanel" : true,
  "configFilename" : "movies.json",
  "movieDataSource" : [ "/media/movies" ],
  "skipFolder" : [ ],
  "badWord" : [ ],
  "renamerSpaceSubstitution" : false,
  "renamerSpaceReplacement" : "_"
}