{
  "wolDevices" : [ ],
  "version" : "3.1.16.1",
  "proxyHost" : null,
  "proxyPort" : null,
  "proxyUsername" : null,
  "proxyPassword" : null,
  "maximumDownloadThreads" : 2,
  "traktAccessToken" : "eKPacIjNyxefvLp/xN15dw==",
  "traktRefreshToken" : "eKPacIjNyxefvLp/xN15dw==",
  "kodiHost" : "",
  "kodiHttpPort" : 8080,
  "kodiTcpPort" : 9090,
  "kodiUsername" : "",
  "kodiPassword" : "eKPacIjNyxefvLp/xN15dw==",
  "imageCache" : true,
  "imageCacheType" : "SMOOTH",
  "language" : "zh_HANT",
  "mediaPlayer" : "",
  "theme" : "Light",
  "fontSize" : 12,
  "fontFamily" : "Dialog",
  "storeWindowPreferences" : true,
  "dateField" : "DATE_ADDED",
  "deleteTrashOnExit" : false,
  "showMemory" : false,
  "upnpShareLibrary" : false,
  "upnpRemotePlay" : false,
  "ignoreSSLProblems" : false,
  "configFilename" : "tmm.json",
  "currentVersion" : true,
  "titlePrefix" : [ "A", "An", "D'", "D`", "Das", "Der", "Des", "Die", "Du", "D´", "Ein", "Eine", "L'", "L`", "La", "Le", "Les", "L´", "The", "Un", "Une" ],
  "videoFileType" : [ ".3gp", ".asf", ".asx", ".avc", ".avi", ".bdmv", ".bin", ".bivx", ".braw", ".dat", ".disc", ".divx", ".dv", ".dvr-ms", ".evo", ".fli", ".flv", ".h264", ".ifo", ".img", ".iso", ".m2ts", ".m2v", ".m4v", ".mk3d", ".mkv", ".mov", ".mp4", ".mpeg", ".mpg", ".mt2s", ".mts", ".nrg", ".nsv", ".nuv", ".ogm", ".pva", ".qt", ".rm", ".rmvb", ".strm", ".svq3", ".ts", ".ty", ".viv", ".vob", ".vp3", ".webm", ".wmv", ".xvid" ],
  "audioFileType" : [ ".a52", ".aa3", ".aac", ".ac3", ".adt", ".adts", ".aif", ".aiff", ".alac", ".ape", ".at3", ".atrac", ".au", ".dts", ".flac", ".m4a", ".m4b", ".m4p", ".mid", ".midi", ".mka", ".mlp", ".mp3", ".mpa", ".oga", ".ogg", ".pcm", ".ra", ".ram", ".rm", ".thd", ".tta", ".wav", ".wave", ".wma" ],
  "subtitleFileType" : [ ".aqt", ".ass", ".cvd", ".dks", ".jss", ".mpl", ".pgs", ".pjs", ".psb", ".rt", ".smi", ".srt", ".ssa", ".ssf", ".sub", ".sup", ".svcd", ".ttxt", ".usf", ".vobsub" ],
  "cleanupFileType" : [ ".html$", ".txt$", ".url$" ],
  "allSupportedFileTypes" : [ ".braw", ".ssa", ".xvid", ".mpeg", ".svq3", ".alac", ".ssf", ".bin", ".srt", ".ifo", ".mp3", ".ttxt", ".mp4", ".m4v", ".mpg", ".nrg", ".viv", ".mpa", ".ram", ".mt2s", ".ts", ".mpl", ".png", ".flac", ".bdmv", ".mov", ".ty", ".aa3", ".strm", ".pva", ".ape", ".dv", ".aqt", ".aac", ".sub", ".aif", ".jss", ".wma", ".mid", ".fli", ".wmv", ".at3", ".mk3d", ".m2ts", ".disc", ".nsv", ".ac3", ".cvd", ".sup", ".smi", ".webm", ".pgs", ".3gp", ".iso", ".vobsub", ".bmp", ".divx", ".mka", ".ass", ".svcd", ".usf", ".oga", ".asx", ".h264", ".asf", ".flv", ".thd", ".dvr-ms", ".wave", ".atrac", ".aiff", ".adts", ".mts", ".ogm", ".nuv", ".ogg", ".mkv", ".dat", ".gif", ".bivx", ".img", ".tbn", ".a52", ".psb", ".dks", ".vob", ".qt", ".m2v", ".adt", ".mlp", ".vp3", ".ra", ".pjs", ".jpeg,", ".nfo", ".au", ".dts", ".tta", ".jpg", ".evo", ".rmvb", ".wav", ".rm", ".m4p", ".avi", ".rt", ".midi", ".avc", ".m4a", ".pcm", ".m4b" ]
}